{"round": [1, 2, 4, 6, 7, 10], "auc": [0.9989010989010989, 0.9998778998778999, 0.9999389499389499, 1.0, 1.0, 1.0], "f1": [0.9166666666666666, 0.9803921568627451, 0.9803921568627451, 1.0, 1.0, 1.0], "precision": [1.0, 1.0, 1.0, 1.0, 1.0, 1.0], "recall": [0.8461538461538461, 0.9615384615384616, 0.9615384615384616, 1.0, 1.0, 1.0], "accuracy": [0.9939024390243902, 0.9984756097560976, 0.9984756097560976, 1.0, 1.0, 1.0], "loss": [0.03009642611834265, 0.009659189581205803, 0.005399483766485078, 0.0023527294725638405, 0.0034164519750317724, 0.0015663849841573772]}