{"round": [1, 3, 4, 5, 6, 7, 8, 9, 10], "auc": [0.9644298009682626, 0.976129639591178, 0.9763313609467456, 0.978214093598709, 0.9784830554061323, 0.9784494351802043, 0.9790882194728349, 0.9788528778913395, 0.9806347498655191], "f1": [0.8351648351648352, 0.94, 0.94, 0.9504950495049505, 0.94, 0.9607843137254902, 0.970873786407767, 0.9494949494949495, 0.9702970297029703], "precision": [0.9743589743589743, 0.9791666666666666, 0.9791666666666666, 0.9795918367346939, 0.9791666666666666, 0.98, 0.9803921568627451, 1.0, 1.0], "recall": [0.7307692307692307, 0.9038461538461539, 0.9038461538461539, 0.9230769230769231, 0.9038461538461539, 0.9423076923076923, 0.9615384615384616, 0.9038461538461539, 0.9423076923076923], "accuracy": [0.9556213017751479, 0.9822485207100592, 0.9822485207100592, 0.985207100591716, 0.9822485207100592, 0.9881656804733728, 0.9911242603550295, 0.985207100591716, 0.9911242603550295], "loss": [0.18234352259473366, 0.35151357761457225, 0.3549565923643637, 0.3391221408065493, 0.3425620089242743, 0.347932253137432, 0.34428706086592603, 0.3674553070165778, 0.34556230138034816]}