{"round": [2, 3, 5, 8, 9], "auc": [0.9999584424219756, 1.0, 1.0, 1.0, 1.0], "f1": [0.9873417721518988, 0.987012987012987, 0.9873417721518988, 1.0, 1.0], "precision": [0.975, 1.0, 0.975, 1.0, 1.0], "recall": [1.0, 0.9743589743589743, 1.0, 1.0, 1.0], "accuracy": [0.9984756097560976, 0.9984756097560976, 0.9984756097560976, 1.0, 1.0], "loss": [0.009742210688446426, 0.004939271744834038, 0.0033951287480141175, 0.0024233017749977427, 0.00139591757910431]}