{"round": [5, 7, 10], "auc": [1.0, 1.0, 1.0], "f1": [0.9803921568627451, 0.9803921568627451, 1.0], "precision": [1.0, 1.0, 1.0], "recall": [0.9615384615384616, 0.9615384615384616, 1.0], "accuracy": [0.9984756097560976, 0.9984756097560976, 1.0], "loss": [0.004458562922255147, 0.003739279811746937, 0.0018066037173845135]}