{"round": [1, 2, 3, 4, 6, 7, 8, 9, 10], "auc": [0.965034965034965, 0.9782813340505648, 0.9769365250134481, 0.9778778913394298, 0.9868208714362561, 0.9847364174287252, 0.9874260355029586, 0.9786511565357718, 0.9786847767616998], "f1": [0.8478260869565217, 0.9292929292929293, 0.94, 0.9292929292929293, 0.94, 0.9494949494949495, 0.96, 0.9702970297029703, 0.9803921568627451], "precision": [0.975, 0.9787234042553191, 0.9791666666666666, 0.9787234042553191, 0.9791666666666666, 1.0, 1.0, 1.0, 1.0], "recall": [0.75, 0.8846153846153846, 0.9038461538461539, 0.8846153846153846, 0.9038461538461539, 0.9038461538461539, 0.9230769230769231, 0.9423076923076923, 0.9615384615384616], "accuracy": [0.9585798816568047, 0.9792899408284024, 0.9822485207100592, 0.9792899408284024, 0.9822485207100592, 0.985207100591716, 0.9881656804733728, 0.9911242603550295, 0.9940828402366864], "loss": [0.16366066241806204, 0.1358767231629992, 0.16302779269277712, 0.21429636273586022, 0.13041947183029895, 0.18671330067048653, 0.15467076206616845, 0.335356726548608, 0.2904247023226079]}