{"round": [1, 2, 3, 4, 5, 6, 8, 9], "auc": [0.9996259817977808, 0.9998337696879026, 1.0, 0.9999584424219756, 1.0, 1.0, 1.0, 1.0], "f1": [0.9014084507042254, 0.961038961038961, 0.9873417721518988, 0.987012987012987, 0.9873417721518988, 0.9873417721518988, 0.9629629629629629, 0.9873417721518988], "precision": [1.0, 0.9736842105263158, 0.975, 1.0, 0.975, 0.975, 0.9285714285714286, 0.975], "recall": [0.8205128205128205, 0.9487179487179487, 1.0, 0.9743589743589743, 1.0, 1.0, 1.0, 1.0], "accuracy": [0.989329268292683, 0.9954268292682927, 0.9984756097560976, 0.9984756097560976, 0.9984756097560976, 0.9984756097560976, 0.9954268292682927, 0.9984756097560976], "loss": [0.03578536383186778, 0.012681295251240954, 0.007187075916417165, 0.00479123515292269, 0.00417230131010694, 0.006516999238513, 0.007251771526257687, 0.0030786864797283627]}