{"round": [1, 2, 4, 5, 6, 9, 10], "auc": [0.9670521785906401, 0.9697417966648736, 0.9748520710059172, 0.976533082302313, 0.9758606777837546, 0.9768020441097364, 0.9759951586874663], "f1": [0.9072164948453608, 0.94, 0.9215686274509803, 0.9504950495049505, 0.970873786407767, 0.9494949494949495, 0.9494949494949495], "precision": [0.9777777777777777, 0.9791666666666666, 0.94, 0.9795918367346939, 0.9803921568627451, 1.0, 1.0], "recall": [0.8461538461538461, 0.9038461538461539, 0.9038461538461539, 0.9230769230769231, 0.9615384615384616, 0.9038461538461539, 0.9038461538461539], "accuracy": [0.9733727810650887, 0.9822485207100592, 0.9763313609467456, 0.985207100591716, 0.9911242603550295, 0.985207100591716, 0.985207100591716], "loss": [0.18963195129551672, 0.18418264350938526, 0.20511579683939504, 0.18572735996250148, 0.24354530475366945, 0.25827656392754184, 0.3651143458042828]}