{"round": [3, 7, 8, 10], "auc": [0.9999168848439512, 1.0, 1.0, 1.0], "f1": [0.9873417721518988, 0.9873417721518988, 0.9873417721518988, 0.9873417721518988], "precision": [0.975, 0.975, 0.975, 0.975], "recall": [1.0, 1.0, 1.0, 1.0], "accuracy": [0.9984756097560976, 0.9984756097560976, 0.9984756097560976, 0.9984756097560976], "loss": [0.007120194683444598, 0.004284469702681582, 0.0034033221999423056, 0.0025237895050135455]}