{"round": [1, 2, 3, 4, 5, 6, 7, 8, 9], "auc": [0.9998778998778999, 0.9998168498168498, 0.9995726495726496, 0.9982295482295482, 1.0, 1.0, 1.0, 1.0, 1.0], "f1": [0.9166666666666666, 0.96, 0.9615384615384616, 0.9615384615384616, 0.9803921568627451, 1.0, 0.9803921568627451, 0.9803921568627451, 0.9803921568627451], "precision": [1.0, 1.0, 0.9615384615384616, 0.9615384615384616, 1.0, 1.0, 1.0, 1.0, 1.0], "recall": [0.8461538461538461, 0.9230769230769231, 0.9615384615384616, 0.9615384615384616, 0.9615384615384616, 1.0, 0.9615384615384616, 0.9615384615384616, 0.9615384615384616], "accuracy": [0.9939024390243902, 0.9969512195121951, 0.9969512195121951, 0.9969512195121951, 0.9984756097560976, 1.0, 0.9984756097560976, 0.9984756097560976, 0.9984756097560976], "loss": [0.02390533568160165, 0.009566902859313857, 0.008541574069697942, 0.01738083547215432, 0.004205796865530179, 0.002990223839809741, 0.002535884065201528, 0.002304304329126829, 0.0024079566001091735]}