{"round": [2, 3, 5, 6, 7, 8, 9, 10], "auc": [0.9753899946207638, 0.9775416890801506, 0.9783485745024207, 0.9771382463690156, 0.9785502958579883, 0.9786175363098442, 0.9774744486282948, 0.9776761699838624], "f1": [0.9306930693069307, 0.9504950495049505, 0.9607843137254902, 0.94, 0.9387755102040817, 0.970873786407767, 0.9803921568627451, 0.9387755102040817], "precision": [0.9591836734693877, 0.9795918367346939, 0.98, 0.9791666666666666, 1.0, 0.9803921568627451, 1.0, 1.0], "recall": [0.9038461538461539, 0.9230769230769231, 0.9423076923076923, 0.9038461538461539, 0.8846153846153846, 0.9615384615384616, 0.9615384615384616, 0.8846153846153846], "accuracy": [0.9792899408284024, 0.985207100591716, 0.9881656804733728, 0.9822485207100592, 0.9822485207100592, 0.9911242603550295, 0.9940828402366864, 0.9822485207100592], "loss": [0.19823642646555195, 0.19560207213825462, 0.2687651993685656, 0.3018785208670041, 0.33711322929064574, 0.3302970301142936, 0.3412264197540935, 0.3596129216523629]}