{"round": [1, 4, 5, 6], "auc": [0.9994505494505495, 1.0, 1.0, 1.0], "f1": [0.7906976744186046, 0.96, 1.0, 0.9803921568627451], "precision": [1.0, 1.0, 1.0, 1.0], "recall": [0.6538461538461539, 0.9230769230769231, 1.0, 0.9615384615384616], "accuracy": [0.9862804878048781, 0.9969512195121951, 1.0, 0.9984756097560976], "loss": [0.040644372236870584, 0.005096740726869376, 0.0032022082121416348, 0.0037431960705968472]}