{"round": [1, 2, 3, 4, 7, 8, 9, 10], "auc": [0.9995013090637078, 1.0, 0.9999584424219756, 1.0, 1.0, 1.0, 1.0, 1.0], "f1": [0.835820895522388, 0.9629629629629629, 0.987012987012987, 0.987012987012987, 1.0, 1.0, 1.0, 1.0], "precision": [1.0, 0.9285714285714286, 1.0, 1.0, 1.0, 1.0, 1.0, 1.0], "recall": [0.717948717948718, 1.0, 0.9743589743589743, 0.9743589743589743, 1.0, 1.0, 1.0, 1.0], "accuracy": [0.9832317073170732, 0.9954268292682927, 0.9984756097560976, 0.9984756097560976, 1.0, 1.0, 1.0, 1.0], "loss": [0.051941955439923776, 0.012169650118310182, 0.005790628414182547, 0.0035426260056694793, 0.0020394880042918623, 0.002330403227807394, 0.001135007971481086, 0.0009048634521789046]}