{"round": [1, 2, 3, 4, 5, 6, 7, 8, 9], "auc": [0.9995115995115995, 0.9982905982905983, 1.0, 1.0, 0.9999389499389499, 0.9999389499389499, 0.9999389499389499, 1.0, 1.0], "f1": [0.9166666666666666, 0.8979591836734694, 0.9803921568627451, 0.9803921568627451, 0.9615384615384616, 0.9803921568627451, 0.9803921568627451, 0.9803921568627451, 0.9803921568627451], "precision": [1.0, 0.9565217391304348, 1.0, 1.0, 0.9615384615384616, 1.0, 1.0, 1.0, 1.0], "recall": [0.8461538461538461, 0.8461538461538461, 0.9615384615384616, 0.9615384615384616, 0.9615384615384616, 0.9615384615384616, 0.9615384615384616, 0.9615384615384616, 0.9615384615384616], "accuracy": [0.9939024390243902, 0.9923780487804879, 0.9984756097560976, 0.9984756097560976, 0.9969512195121951, 0.9984756097560976, 0.9984756097560976, 0.9984756097560976, 0.9984756097560976], "loss": [0.029815542999477612, 0.018009976905194066, 0.006687603782795902, 0.005215039372117081, 0.006056740516387869, 0.0045756051000526415, 0.004043129460981055, 0.0026609264949954757, 0.0022162507026396703]}