{"round": [3, 4, 10], "auc": [0.9806347498655191, 0.9846019365250134, 0.9890398063474986], "f1": [0.9306930693069307, 0.9306930693069307, 0.9306930693069307], "precision": [0.9591836734693877, 0.9591836734693877, 0.9591836734693877], "recall": [0.9038461538461539, 0.9038461538461539, 0.9038461538461539], "accuracy": [0.9792899408284024, 0.9792899408284024, 0.9792899408284024], "loss": [0.12723706363150003, 0.12225078752222047, 0.16353144049356738]}