{"round": [1, 2, 5, 6, 7, 8, 9, 10], "auc": [0.9995013090637078, 0.9997506545318539, 0.9999584424219756, 1.0, 1.0, 1.0, 1.0, 1.0], "f1": [0.9333333333333333, 0.9743589743589743, 0.9873417721518988, 0.975, 0.975, 0.9873417721518988, 0.9629629629629629, 0.9873417721518988], "precision": [0.9722222222222222, 0.9743589743589743, 0.975, 0.9512195121951219, 0.9512195121951219, 0.975, 0.9285714285714286, 0.975], "recall": [0.8974358974358975, 0.9743589743589743, 1.0, 1.0, 1.0, 1.0, 1.0, 1.0], "accuracy": [0.9923780487804879, 0.9969512195121951, 0.9984756097560976, 0.9969512195121951, 0.9969512195121951, 0.9984756097560976, 0.9954268292682927, 0.9984756097560976], "loss": [0.034182887990027666, 0.012533608650777578, 0.0047496274576891056, 0.006541797071328065, 0.005415691532193921, 0.0035435249978729103, 0.00543759940834813, 0.003415005466628091]}