{
  "fl": {
    "auc": 0.9967683441354422,
    "f1": 0.9861431870669746,
    "precision": 0.9930232558139535,
    "recall": 0.9793577981651376,
    "accuracy": 0.9939055358049771,
    "loss": 0.0794757753610611,
    "predictions": 