{"round": [0, 1, 2, 3, 4, 5, 6, 7, 8, 9, 10], "auc": [0.736171954014734, 0.9922933984452145, 0.9962506807423233, 0.9962978090570147, 0.9962948167830662, 0.9967286965056223, 0.9968289376829027, 0.9966067613422143, 0.9967982668749289, 0.9968543720114664, 0.9970339084483862], "f1": [0.0, 0.8469656992084432, 0.9669811320754716, 0.9570405727923628, 0.971764705882353, 0.9766355140186916, 0.9777777777777777, 0.980209545983702, 0.9813519813519813, 0.9765258215962441, 0.977725674091442], "loss": [0.6505712270736694, 0.1627122312784195, 0.09131331741809845, 0.1106814295053482, 0.10611362755298615, 0.09646618366241455, 0.09636588394641876, 0.1027958020567894, 0.10419945418834686, 0.1117573231458664, 0.10862535983324051], "accuracy": [0.7770441848654139, 0.9410868461147791, 0.9857795835449467, 0.9817166074149314, 0.9878110716099543, 0.9898425596749619, 0.9903504316912138, 0.9913661757237177, 0.9918740477399696, 0.9898425596749619, 0.9903504316912138], "precision": [0.0, 0.9968944099378882, 0.9951456310679612, 0.9975124378109452, 0.9975845410628019, 0.9952380952380953, 0.9976133651551312, 0.9952718676122931, 0.9976303317535545, 1.0, 1.0], "recall": [0.0, 0.7362385321100917, 0.9403669724770642, 0.9197247706422018, 0.9472477064220184, 0.9587155963302753, 0.9587155963302753, 0.9655963302752294, 0.9655963302752294, 0.9541284403669725, 0.9564220183486238]}