{"round": [2, 4, 7, 9, 10], "auc": [1.0, 1.0, 1.0, 1.0, 1.0], "f1": [0.9873417721518988, 0.9873417721518988, 1.0, 1.0, 1.0], "precision": [0.975, 0.975, 1.0, 1.0, 1.0], "recall": [1.0, 1.0, 1.0, 1.0, 1.0], "accuracy": [0.9984756097560976, 0.9984756097560976, 1.0, 1.0, 1.0], "loss": [0.012414984072425536, 0.005577865829330958, 0.002247734831403899, 0.0028265126859748435, 0.0018123298869211016]}