{"round": [1, 2, 3, 5, 6, 7, 8, 9], "auc": [0.9716245293168368, 0.9695400753093061, 0.9751210328133405, 0.9800295857988166, 0.9792899408284024, 0.9781468531468531, 0.980634749865519, 0.9775416890801506], "f1": [0.8723404255319149, 0.912621359223301, 0.9306930693069307, 0.9108910891089109, 0.9108910891089109, 0.94, 0.9411764705882353, 0.9803921568627451], "precision": [0.9761904761904762, 0.9215686274509803, 0.9591836734693877, 0.9387755102040817, 0.9387755102040817, 0.9791666666666666, 0.96, 1.0], "recall": [0.7884615384615384, 0.9038461538461539, 0.9038461538461539, 0.8846153846153846, 0.8846153846153846, 0.9038461538461539, 0.9230769230769231, 0.9615384615384616], "accuracy": [0.9644970414201184, 0.9733727810650887, 0.9792899408284024, 0.9733727810650887, 0.9733727810650887, 0.9822485207100592, 0.9822485207100592, 0.9940828402366864], "loss": [0.23833377828652208, 0.20226027274673636, 0.1877466776958582, 0.21610553868231364, 0.47352910841899837, 0.25837389182098297, 0.23084126975300023, 0.26093874231049663]}