{"round": [1, 3, 4, 5, 6, 8, 10], "auc": [0.9998168498168498, 0.9999389499389499, 1.0, 0.9984126984126984, 0.9984126984126984, 1.0, 1.0], "f1": [0.9166666666666666, 0.9803921568627451, 0.9803921568627451, 0.9615384615384616, 0.9615384615384616, 0.9803921568627451, 0.9803921568627451], "precision": [1.0, 1.0, 1.0, 0.9615384615384616, 0.9615384615384616, 1.0, 1.0], "recall": [0.8461538461538461, 0.9615384615384616, 0.9615384615384616, 0.9615384615384616, 0.9615384615384616, 0.9615384615384616, 0.9615384615384616], "accuracy": [0.9939024390243902, 0.9984756097560976, 0.9984756097560976, 0.9969512195121951, 0.9969512195121951, 0.9984756097560976, 0.9984756097560976], "loss": [0.02941206084298236, 0.006367527473706841, 0.004762542874751878, 0.019341450741800752, 0.026368184877442434, 0.0035700852374810936, 0.002419492641993635]}