{"round": [0, 1, 2, 3, 4, 5, 6, 7, 8, 9, 10], "auc": [0.1955899866544582, 0.9919522792150667, 0.9956223032131037, 0.9967414136699043, 0.9969329192026188, 0.9969299269286701, 0.9966486531774957, 0.9968543720114664, 0.9967720844778781, 0.9967047583140332, 0.9967032621770588], "f1": [0.07265774378585087, 0.7453237410071942, 0.9672131147540983, 0.9545454545454546, 0.9582836710369488, 0.9801633605600933, 0.966903073286052, 0.9729093050647821, 0.9825378346915018, 0.9848661233993015, 0.9692671394799054], "loss": [0.7024353742599487, 0.20983460545539856, 0.07467775046825409, 0.07786692678928375, 0.08553368598222733, 0.07484643161296844, 0.09260158985853195, 0.09624359756708145, 0.09096888452768326, 0.09048213809728622, 0.10826705396175385], "accuracy": [0.2610462163534789, 0.9101066531234129, 0.9857795835449467, 0.9807008633824277, 0.9822244794311833, 0.9913661757237177, 0.9857795835449467, 0.9883189436262062, 0.9923819197562215, 0.9933976637887253, 0.9867953275774505], "precision": [0.05030891438658429, 1.0, 0.9880382775119617, 0.9975, 0.9975186104218362, 0.997624703087886, 0.9975609756097561, 1.0, 0.9976359338061466, 1.0, 1.0], "recall": [0.13073394495412843, 0.5940366972477065, 0.9472477064220184, 0.9151376146788991, 0.9220183486238532, 0.963302752293578, 0.9380733944954128, 0.9472477064220184, 0.9678899082568807, 0.9701834862385321, 0.9403669724770642]}