{"round": [0, 1, 2, 3, 4, 5, 6, 7, 8, 9, 10], "auc": [0.0969646373064747, 0.9920061401461427, 0.9942024692244624, 0.9965529004111384, 0.9972052161319473, 0.9972186813647163, 0.9973174264050222, 0.9973024650352789, 0.9977677636342962, 0.9977318563469122, 0.998059510344291], "f1": [0.027610008628127698, 0.8854961832061069, 0.9232643118148599, 0.9682726204465335, 0.9742990654205608, 0.9624413145539906, 0.9744186046511628, 0.9708963911525029, 0.971830985915493, 0.9767441860465116, 0.9706916764361079], "loss": [0.6987179517745972, 0.12941515445709229, 0.09416859596967697, 0.06115710362792015, 0.056032732129096985, 0.06509499996900558, 0.061288513243198395, 0.06730355322360992, 0.06581126153469086, 0.061451300978660583, 0.06241901218891144], "accuracy": [0.42762823768410363, 0.9542915185373286, 0.9680040629761301, 0.9862874555611986, 0.9888268156424581, 0.983748095479939, 0.9888268156424581, 0.9873031995937024, 0.9878110716099543, 0.9898425596749619, 0.9873031995937024], "precision": [0.022130013831258646, 0.9942857142857143, 0.9844155844155844, 0.9927710843373494, 0.9928571428571429, 0.9855769230769231, 0.9882075471698113, 0.9858156028368794, 0.9951923076923077, 0.9905660377358491, 0.9928057553956835], "recall": [0.03669724770642202, 0.7981651376146789, 0.8692660550458715, 0.944954128440367, 0.9564220183486238, 0.9403669724770642, 0.9610091743119266, 0.9564220183486238, 0.9495412844036697, 0.963302752293578, 0.9495412844036697]}