{
  "fl": {
    "auc": 0.9970339084483862,
    "f1": 0.977725674091442,
    "precision": 1.0,
    "recall": 0.9564220183486238,
    "accuracy": 0.9903504316912138,
    "loss": 0.10862535983324051,
    "predictions": 