{"round": [0, 1, 2, 3, 4, 5, 6, 7, 8, 9, 10], "auc": [0.3912271016236079, 0.9928394884408458, 0.9956686834593081, 0.9954936354333113, 0.9959544456214056, 0.9962761150708868, 0.9966695990951364, 0.9967803132312368, 0.9968012591488775, 0.9969486286408492, 0.9970092221883098], "f1": [0.004576659038901602, 0.8511198945981555, 0.9457177322074789, 0.9706227967097533, 0.9766355140186916, 0.9631391200951248, 0.9801633605600933, 0.971764705882353, 0.977725674091442, 0.9753810082063306, 0.9813519813519813], "loss": [0.6498246192932129, 0.16202493011951447, 0.08443812280893326, 0.08888055384159088, 0.09280125051736832, 0.11177268624305725, 0.09990337491035461, 0.10854636132717133, 0.1062244325876236, 0.10690584033727646, 0.10044126957654953], "accuracy": [0.7790756729304216, 0.9426104621635348, 0.9771457592686643, 0.9873031995937024, 0.9898425596749619, 0.9842559674961909, 0.9913661757237177, 0.9878110716099543, 0.9903504316912138, 0.98933468765871, 0.9918740477399696], "precision": [1.0, 1.0, 0.9974554707379135, 0.9951807228915662, 0.9952380952380953, 1.0, 0.997624703087886, 0.9975845410628019, 1.0, 0.9976019184652278, 0.9976303317535545], "recall": [0.0022935779816513763, 0.7408256880733946, 0.8990825688073395, 0.9472477064220184, 0.9587155963302753, 0.9288990825688074, 0.963302752293578, 0.9472477064220184, 0.9564220183486238, 0.9541284403669725, 0.9655963302752294]}